-- phpMyAdmin SQL Dump
-- version 5.1.1
-- https://www.phpmyadmin.net/
--
-- Host: localhost
-- Generation Time: Oct 22, 2021 at 07:03 PM
-- Server version: 10.4.21-MariaDB
-- PHP Version: 8.0.12

SET SQL_MODE = "NO_AUTO_VALUE_ON_ZERO";
START TRANSACTION;
SET time_zone = "+00:00";


/*!40101 SET @OLD_CHARACTER_SET_CLIENT=@@CHARACTER_SET_CLIENT */;
/*!40101 SET @OLD_CHARACTER_SET_RESULTS=@@CHARACTER_SET_RESULTS */;
/*!40101 SET @OLD_COLLATION_CONNECTION=@@COLLATION_CONNECTION */;
/*!40101 SET NAMES utf8mb4 */;

--
-- Database: `bangladesh`
--

-- --------------------------------------------------------

--
-- Table structure for table `district`
--

CREATE TABLE `district` (
  `id` int(10) UNSIGNED NOT NULL,
  `name` varchar(255) NOT NULL,
  `division_id` int(11) NOT NULL,
  `zip_code` int(11) NOT NULL,
  `created_at` timestamp NULL DEFAULT NULL,
  `updated_at` timestamp NULL DEFAULT NULL
) ENGINE=InnoDB DEFAULT CHARSET=utf8mb4;

--
-- Dumping data for table `district`
--

INSERT INTO `district` (`id`, `name`, `division_id`, `zip_code`, `created_at`, `updated_at`) VALUES
(1, 'Barguna', 1, 8700, '2021-10-17 18:11:06', '2021-10-17 18:11:06'),
(2, 'Barishal', 1, 8200, '2021-10-17 18:11:06', '2021-10-17 18:11:06'),
(3, 'Bhola', 1, 8300, '2021-10-17 18:11:06', '2021-10-17 18:11:06'),
(4, 'Jhalokati', 1, 8400, '2021-10-17 18:11:06', '2021-10-17 18:11:06'),
(5, 'Patuakhali', 1, 8600, '2021-10-17 18:11:06', '2021-10-17 18:11:06'),
(6, 'Pirojpur', 1, 8500, '2021-10-17 18:11:06', '2021-10-17 18:11:06'),
(7, 'Bandarban', 2, 4600, '2021-10-17 18:19:30', '2021-10-17 18:19:30'),
(8, 'Brahmanbaria', 2, 3400, '2021-10-17 18:19:30', '2021-10-17 18:19:30'),
(9, 'Chandpur', 2, 3600, '2021-10-17 18:19:30', '2021-10-17 18:19:30'),
(10, 'Chattogram', 2, 4000, '2021-10-17 18:19:30', '2021-10-17 18:19:30'),
(11, 'Cumilla', 2, 3500, '2021-10-17 18:19:30', '2021-10-17 18:19:30'),
(12, 'Cox\'s Bazar', 2, 4700, '2021-10-17 18:19:30', '2021-10-17 18:19:30'),
(13, 'Feni', 2, 3900, '2021-10-17 18:19:30', '2021-10-17 18:19:30'),
(14, 'Khagrachhari', 2, 4400, '2021-10-17 18:19:30', '2021-10-17 18:19:30'),
(15, 'Lakshmipur', 2, 3700, '2021-10-17 18:19:30', '2021-10-17 18:19:30'),
(16, 'Noakhali', 2, 3800, '2021-10-17 18:19:30', '2021-10-17 18:19:30'),
(17, 'Rangamati', 2, 4500, '2021-10-17 18:19:30', '2021-10-17 18:19:30'),
(18, 'Dhaka', 3, 1000, '2021-10-17 18:27:59', '2021-10-17 18:27:59'),
(19, 'Faridpur', 3, 7800, '2021-10-17 18:27:59', '2021-10-17 18:27:59'),
(20, 'Gazipur', 3, 1700, '2021-10-17 18:27:59', '2021-10-17 18:27:59'),
(21, 'Gopalganj', 3, 8100, '2021-10-17 18:27:59', '2021-10-17 18:27:59'),
(22, 'Kishoreganj', 3, 2300, '2021-10-17 18:27:59', '2021-10-17 18:27:59'),
(23, 'Madaripur', 3, 7900, '2021-10-17 18:27:59', '2021-10-17 18:27:59'),
(24, 'Manikganj', 3, 1800, '2021-10-17 18:27:59', '2021-10-17 18:27:59'),
(25, 'Munshiganj', 3, 1500, '2021-10-17 18:27:59', '2021-10-17 18:27:59'),
(26, 'Narayanganj', 3, 1400, '2021-10-17 18:27:59', '2021-10-17 18:27:59'),
(27, 'Narsingdi', 3, 1600, '2021-10-17 18:27:59', '2021-10-17 18:27:59'),
(28, 'Rajbari', 3, 7700, '2021-10-17 18:27:59', '2021-10-17 18:27:59'),
(29, 'Shariatpur', 3, 8000, '2021-10-17 18:27:59', '2021-10-18 18:27:59'),
(30, 'Tangail', 3, 1900, '2021-10-17 18:27:59', '2021-10-17 18:27:59'),
(31, 'Bagerhat', 4, 9300, '2021-10-17 18:39:20', '2021-10-17 18:39:20'),
(32, 'Chuadanga', 4, 7200, '2021-10-17 18:39:20', '2021-10-17 18:39:20'),
(33, 'Jashore', 4, 7400, '2021-10-17 18:39:20', '2021-10-17 18:39:20'),
(34, 'Jhenaidah', 4, 7300, '2021-10-17 18:39:20', '2021-10-17 18:39:20'),
(35, 'Khulna', 4, 9100, '2021-10-17 18:39:20', '2021-10-17 18:39:20'),
(36, 'Kushtia', 4, 7000, '2021-10-17 18:39:20', '2021-10-17 18:39:20'),
(37, 'Magura', 4, 7600, '2021-10-17 18:39:20', '2021-10-17 18:39:20'),
(38, 'Meherpur', 4, 7100, '2021-10-17 18:39:20', '2021-10-17 18:39:20'),
(39, 'Narail', 4, 7500, '2021-10-17 18:39:20', '2021-10-17 18:39:20'),
(40, 'Satkhira', 4, 9400, '2021-10-17 18:39:20', '2021-10-17 18:39:20'),
(41, 'Jamalpur', 5, 2000, '2021-10-17 18:49:05', '2021-10-17 18:49:05'),
(42, 'Mymensingh', 5, 2200, '2021-10-17 18:49:05', '2021-10-17 18:49:05'),
(43, 'Netrokona', 5, 2400, '2021-10-17 18:49:05', '2021-10-17 18:49:05'),
(44, 'Sherpur', 5, 2100, '2021-10-17 18:49:05', '2021-10-17 18:49:05'),
(45, 'Bogura', 6, 5800, '2021-10-17 18:52:28', '2021-10-17 18:52:28'),
(46, 'Chapai Nawabganj', 6, 6300, '2021-10-17 18:52:28', '2021-10-17 18:52:28'),
(47, 'Joypurhat', 6, 5900, '2021-10-17 18:52:28', '2021-10-17 18:52:28'),
(48, 'Naogaon', 6, 6500, '2021-10-17 18:52:28', '2021-10-17 18:52:28'),
(49, 'Natore', 6, 6400, '2021-10-17 18:52:28', '2021-10-17 18:52:28'),
(50, 'Pabna', 6, 6600, '2021-10-17 18:52:28', '2021-10-17 18:52:28'),
(51, 'Rajshahi', 6, 6000, '2021-10-17 18:52:28', '2021-10-17 18:52:28'),
(52, 'Sirajganj', 6, 6700, '2021-10-17 18:52:28', '2021-10-17 18:52:28'),
(53, 'Dinajpur', 7, 5200, '2021-10-18 02:15:29', '2021-10-18 02:15:29'),
(54, 'Gaibandha', 7, 5700, '2021-10-18 02:15:29', '2021-10-18 02:15:29'),
(55, 'Kurigram', 7, 5600, '2021-10-18 02:15:29', '2021-10-18 02:15:29'),
(56, 'Lalmonirhat', 7, 5500, '2021-10-18 02:15:29', '2021-10-18 02:15:29'),
(57, 'Nilphamari', 7, 5300, '2021-10-25 02:15:29', '2021-10-18 02:15:29'),
(58, 'Panchagarh', 7, 5000, '2021-10-18 02:15:29', '2021-10-18 02:15:29'),
(59, 'Rangpur', 7, 5400, '2021-10-18 02:15:29', '2021-10-18 02:15:29'),
(60, 'Thakurgaon', 7, 5100, '2021-10-18 02:15:29', '2021-10-18 02:15:29'),
(61, 'Habiganj', 8, 3300, '2021-10-18 02:26:47', '2021-10-18 02:26:47'),
(62, 'Moulvibazar', 8, 3200, '2021-10-18 02:26:47', '2021-10-18 02:26:47'),
(63, 'Sunamganj', 8, 3000, '2021-10-18 02:26:47', '2021-10-18 02:26:47'),
(64, 'Sylhet', 8, 3100, '2021-10-18 02:26:47', '2021-10-18 02:26:47');

-- --------------------------------------------------------

--
-- Table structure for table `division`
--

CREATE TABLE `division` (
  `id` int(10) UNSIGNED NOT NULL,
  `name` varchar(255) NOT NULL,
  `created_at` timestamp NULL DEFAULT NULL,
  `updated_at` timestamp NULL DEFAULT NULL
) ENGINE=InnoDB DEFAULT CHARSET=utf8mb4;

--
-- Dumping data for table `division`
--

INSERT INTO `division` (`id`, `name`, `created_at`, `updated_at`) VALUES
(1, 'Barishal', '2021-10-17 17:58:33', '2021-10-17 17:58:33'),
(2, 'Chattogram', '2021-10-18 17:58:33', '2021-10-18 17:58:33'),
(3, 'Dhaka', '2021-10-18 17:58:33', '2021-10-18 17:58:33'),
(4, 'Khulna', '2021-10-18 17:58:33', '2021-10-18 17:58:33'),
(5, 'Mymensingh', '2021-10-18 17:58:33', '2021-10-18 17:58:33'),
(6, 'Rajshahi', '2021-10-18 17:58:33', '2021-10-18 17:58:33'),
(7, 'Rangpur', '2021-10-18 17:58:33', '2021-10-18 17:58:33'),
(8, 'Sylhet', '2021-10-18 17:58:33', '2021-10-18 17:58:33');

-- --------------------------------------------------------

--
-- Table structure for table `upazila`
--

CREATE TABLE `upazila` (
  `id` int(10) UNSIGNED NOT NULL,
  `name` varchar(255) NOT NULL,
  `division_id` int(11) NOT NULL,
  `district_id` int(11) NOT NULL,
  `zip_code` int(11) DEFAULT NULL,
  `created_at` timestamp NULL DEFAULT NULL,
  `updated_at` timestamp NULL DEFAULT NULL
) ENGINE=InnoDB DEFAULT CHARSET=utf8mb4;

--
-- Dumping data for table `upazila`
--

INSERT INTO `upazila` (`id`, `name`, `division_id`, `district_id`, `zip_code`, `created_at`, `updated_at`) VALUES
(1, 'Amtali', 1, 1, 8710, '2021-10-18 07:05:35', '2021-10-18 07:05:36'),
(2, 'Bamna', 1, 1, 8730, '2021-10-18 07:05:36', '2021-10-18 07:05:36'),
(3, 'Barguna Sadar', 1, 1, 8700, '2021-10-18 07:05:36', '2021-10-18 07:05:36'),
(4, 'Betagi', 1, 1, 8740, '2021-10-18 07:05:36', '2021-10-18 07:05:36'),
(5, 'Patharghata', 1, 1, 8720, '2021-10-18 07:05:36', '2021-10-18 07:05:36'),
(6, 'Taltali', 1, 1, 8750, '2021-10-18 07:05:36', '2021-10-18 07:05:36'),
(7, 'Agailjhara', 1, 2, 8240, '2021-10-18 07:22:50', '2021-10-18 07:22:50'),
(8, 'Babuganj', 1, 2, 8210, '2021-10-18 07:22:50', '2021-10-18 07:22:50'),
(9, 'Bakerganj', 1, 2, 8280, '2021-10-18 07:22:50', '2021-10-18 07:22:50'),
(10, 'Banaripara', 1, 2, 8530, '2021-10-18 07:22:50', '2021-10-18 07:22:50'),
(11, 'Barishal Sadar', 1, 2, 8200, '2021-10-18 07:22:50', '2021-10-18 07:22:50'),
(12, 'Gouranadi', 1, 2, 8230, '2021-10-18 07:22:50', '2021-10-18 07:22:50'),
(13, 'Hizla', 1, 2, 8230, '2021-10-18 07:22:50', '2021-10-18 07:22:50'),
(14, 'Mehendiganj', 1, 2, 8270, '2021-10-18 07:22:50', '2021-10-18 07:22:50'),
(15, 'Muladi', 1, 2, 8250, '2021-10-18 07:22:50', '2021-10-18 07:22:50'),
(16, 'Uzirpur', 1, 2, 8220, '2021-10-18 07:22:50', '2021-10-18 07:22:50'),
(17, 'Bhola Sadar', 1, 3, 8300, '2021-10-18 17:19:30', '2021-10-18 17:19:30'),
(18, 'Borhanuddin', 1, 3, 8320, '2021-10-18 17:19:30', '2021-10-18 17:19:30'),
(19, 'Charfassion', 1, 3, 8340, '2021-10-18 17:19:30', '2021-10-18 17:19:30'),
(20, 'Daulatkhan', 1, 3, 8310, '2021-10-18 17:19:30', '2021-10-18 17:19:30'),
(21, 'Lalmohan', 1, 3, 8330, '2021-10-18 17:19:30', '2021-10-18 17:19:30'),
(22, 'Manpura', 1, 3, 8360, '2021-10-18 17:19:30', '2021-10-18 17:19:30'),
(23, 'Tazumuddin', 1, 3, 8350, '2021-10-18 17:19:30', '2021-10-18 17:19:30'),
(24, 'Jhalokathi Sadar', 1, 4, 8400, '2021-10-18 17:35:35', '2021-10-18 17:35:35'),
(25, 'Kathalia', 1, 4, 8430, '2021-10-18 17:35:35', '2021-10-18 17:35:35'),
(26, 'Nalchity', 1, 4, 8420, '2021-10-18 17:35:35', '2021-10-18 17:35:35'),
(27, 'Rajapur', 1, 4, 8410, '2021-10-18 17:35:35', '2021-10-18 17:35:35'),
(36, 'Bauphal', 1, 5, 8620, '2021-10-19 17:39:53', '2021-10-19 17:39:53'),
(37, 'Dashmina', 1, 5, 8630, '2021-10-19 17:39:53', '2021-10-19 17:39:53'),
(38, 'Dumki', 1, 5, 8602, '2021-10-19 17:39:53', '2021-10-19 17:39:53'),
(39, 'Galachipa', 1, 5, 8640, '2021-10-19 17:39:53', '2021-10-19 17:39:53'),
(40, 'Kalapara', 1, 5, 8650, '2021-10-19 17:39:53', '2021-10-19 17:39:53'),
(41, 'Mirzaganj', 1, 5, NULL, '2021-10-19 17:39:53', '2021-10-19 17:39:53'),
(42, 'Patuakhali Sadar', 1, 5, 8600, '2021-10-19 17:39:53', '2021-10-19 17:39:53'),
(43, 'Rangabali', 1, 5, NULL, '2021-10-19 17:39:53', '2021-10-19 17:39:53'),
(44, 'Bhandaria', 1, 6, 8550, '2021-10-18 18:07:39', '2021-10-18 18:07:39'),
(45, 'Kaukhali', 1, 6, 8510, '2021-10-18 18:07:39', '2021-10-18 18:07:39'),
(46, 'Mathbaria', 1, 6, 8560, '2021-10-18 18:07:39', '2021-10-18 18:07:39'),
(47, 'Nazirpur', 1, 6, 8540, '2021-10-18 18:07:39', '2021-10-18 18:07:39'),
(48, 'Swarupkathi (Nesarabad)', 1, 6, 8520, '2021-10-18 18:07:39', '2021-10-18 18:07:39'),
(49, 'Pirojpur Sadar', 1, 6, 8500, '2021-10-18 18:07:39', '2021-10-18 18:07:39'),
(50, 'Indurkani', 1, 6, 8502, '2021-10-18 18:07:39', '2021-10-18 18:07:39'),
(51, 'Bandarban Sadar', 2, 7, 4600, '2021-10-19 02:18:56', '2021-10-19 02:18:56'),
(52, 'Lama', 2, 7, 4641, '2021-10-19 02:18:56', '2021-10-19 02:18:56'),
(53, 'Naikhongchhari', 2, 7, 4660, '2021-10-19 02:18:56', '2021-10-19 02:18:56'),
(54, 'Rowangchhari', 2, 7, 4610, '2021-10-19 02:18:56', '2021-10-19 02:18:56'),
(55, 'Ruma', 2, 7, 4620, '2021-10-19 02:18:56', '2021-10-19 02:18:56'),
(56, 'Thanchi', 2, 7, 4630, '2021-10-19 02:18:56', '2021-10-19 02:18:56'),
(57, 'Akhaura', 2, 8, 3450, '2021-10-19 02:34:50', '2021-10-19 02:34:50'),
(58, 'Ashuganj', 2, 8, 3402, '2021-10-19 02:34:50', '2021-10-19 02:34:50'),
(59, 'Brahmanbaria Sadar', 2, 8, 3400, '2021-10-19 02:34:50', '2021-10-19 02:34:50'),
(60, 'Bancharampur', 2, 8, 3420, '2021-10-19 02:34:50', '2021-10-19 02:34:50'),
(61, 'Bijoynagar', 2, 8, NULL, '2021-10-19 02:34:50', '2021-10-19 02:34:50'),
(62, 'Kasba', 2, 8, 3460, '2021-10-19 02:34:50', '2021-10-19 02:34:50'),
(63, 'Nabinagar', 2, 8, 3410, '2021-10-19 02:34:50', '2021-10-19 02:34:50'),
(64, 'Nasirnagar', 2, 8, 3443, '2021-10-19 02:34:50', '2021-10-19 02:34:50'),
(65, 'Sarail', 2, 8, 3430, '2021-10-19 02:34:50', '2021-10-19 02:34:50'),
(66, 'Chandpur Sadar', 2, 9, 3600, '2021-10-19 02:55:36', '2021-10-19 02:55:36'),
(67, 'Faridganj', 2, 9, 3650, '2021-10-19 02:55:36', '2021-10-19 02:55:36'),
(68, 'Haimchar', 2, 9, 3660, '2021-10-19 02:55:36', '2021-10-19 02:55:36'),
(69, 'Hajiganj', 2, 9, 3610, '2021-10-19 02:55:36', '2021-10-19 02:55:36'),
(70, 'Kachua', 2, 9, 3630, '2021-10-19 02:55:36', '2021-10-19 02:55:36'),
(71, 'Matlab (Dakshin)', 2, 9, 3640, '2021-10-19 02:55:36', '2021-10-19 02:55:36'),
(72, 'Matlab (Uttar)', 2, 9, 3640, '2021-10-19 02:55:36', '2021-10-19 02:55:36'),
(73, 'Shahrasti', 2, 9, 3620, '2021-10-19 02:55:36', '2021-10-19 02:55:36'),
(74, 'Anwara', 2, 10, 4376, '2021-10-19 05:34:02', '2021-10-19 05:34:02'),
(75, 'Banskhali', 2, 10, 4390, '2021-10-19 05:34:02', '2021-10-19 05:34:02'),
(76, 'Boalkhali', 2, 10, 4366, '2021-10-19 05:34:02', '2021-10-19 05:34:02'),
(77, 'Chandanaish', 2, 10, NULL, '2021-10-19 05:34:02', '2021-10-19 05:34:02'),
(78, 'Chattogram Sadar', 2, 10, 4000, '2021-10-19 05:34:02', '2021-10-19 05:34:02'),
(79, 'Fatikchari', 2, 10, 4350, '2021-10-19 05:34:02', '2021-10-19 05:34:02'),
(80, 'Hathazari', 2, 10, 4330, '2021-10-19 05:34:02', '2021-10-19 05:34:02'),
(81, 'Karnaphuli', 2, 10, NULL, '2021-10-19 05:34:02', '2021-10-19 05:34:02'),
(82, 'Lohagara', 2, 10, 4396, '2021-10-19 05:34:02', '2021-10-19 05:34:02'),
(83, 'Mirsharai', 2, 10, 4320, '2021-10-19 05:34:02', '2021-10-19 05:34:02'),
(84, 'Patiya', 2, 10, 4370, '2021-10-19 05:34:02', '2021-10-19 05:34:02'),
(85, 'Rangunia', 2, 10, 4360, '2021-10-19 05:34:02', '2021-10-19 05:34:02'),
(86, 'Raozan', 2, 10, 4340, '2021-10-19 05:34:02', '2021-10-19 05:34:02'),
(87, 'Sandwip', 2, 10, 4300, '2021-10-19 05:34:02', '2021-10-19 05:34:02'),
(88, 'Satkania', 2, 10, 4386, '2021-10-19 05:34:02', '2021-10-19 05:34:02'),
(89, 'Sitakunda', 2, 10, 4310, '2021-10-19 05:34:02', '2021-10-19 05:34:02'),
(90, 'Chakaria', 2, 12, NULL, '2021-10-19 05:54:04', '2021-10-19 05:54:04'),
(91, 'Cox\'s Bazar Sadar', 2, 12, 4700, '2021-10-19 05:54:04', '2021-10-19 05:54:04'),
(92, 'Kutubdia', 2, 12, 4720, '2021-10-19 05:54:04', '2021-10-19 05:54:04'),
(93, 'Moheskhali', 2, 12, NULL, '2021-10-19 05:54:04', '2021-10-19 05:54:04'),
(94, 'Pekua', 2, 12, NULL, '2021-10-19 05:54:04', '2021-10-19 05:54:04'),
(95, 'Ramu', 2, 12, 4730, '2021-10-19 05:54:04', '2021-10-19 05:54:04'),
(96, 'Teknaf', 2, 12, 4760, '2021-10-19 05:54:04', '2021-10-19 05:54:04'),
(97, 'Ukhiya', 2, 12, 4750, '2021-10-19 05:54:04', '2021-10-19 05:54:04'),
(98, 'Barura', 2, 11, 3560, '2021-10-19 06:07:06', '2021-10-19 06:07:06'),
(99, 'Brahmanpara', 2, 11, 3526, '2021-10-19 06:07:06', '2021-10-19 06:07:06'),
(100, 'Burichang', 2, 11, 3520, '2021-10-19 06:07:06', '2021-10-19 06:07:06'),
(101, 'Chandina', 2, 11, 3510, '2021-10-19 06:07:06', '2021-10-19 06:07:06'),
(102, 'Chouddagram', 2, 11, 3550, '2021-10-19 06:07:06', '2021-10-19 06:07:06'),
(103, 'Cumilla Sadar', 2, 11, 3500, '2021-10-19 06:07:06', '2021-10-19 06:07:06'),
(104, 'Cumilla Sadar Dakshin', 2, 11, 3500, '2021-10-19 06:07:06', '2021-10-19 06:07:06'),
(105, 'Daudkandi', 2, 11, 3516, '2021-10-19 06:07:06', '2021-10-19 06:07:06'),
(106, 'Debidwar', 2, 11, 3530, '2021-10-19 06:07:06', '2021-10-19 06:07:06'),
(107, 'Homna', 2, 11, 3546, '2021-10-19 06:07:06', '2021-10-19 06:07:06'),
(108, 'Laksham', 2, 11, 3570, '2021-10-19 06:07:06', '2021-10-19 06:07:06'),
(109, 'Lalmai', 2, 11, NULL, '2021-10-19 06:07:06', '2021-10-19 06:07:06'),
(110, 'Meghna', 2, 11, NULL, '2021-10-19 06:07:06', '2021-10-19 06:07:06'),
(111, 'Monohorganj', 2, 11, NULL, '2021-10-19 06:07:06', '2021-10-19 06:07:06'),
(112, 'Muradnagar', 2, 11, 3540, '2021-10-19 06:07:06', '2021-10-19 06:07:06'),
(113, 'Nangalkot', 2, 11, 3580, '2021-10-19 06:07:06', '2021-10-19 06:07:06'),
(114, 'Titas', 2, 11, NULL, '2021-10-19 06:07:06', '2021-10-19 06:07:06'),
(115, 'Chhagalnaiya', 2, 13, 3910, '2021-10-19 08:14:31', '2021-10-19 08:14:31'),
(116, 'Daganbhuiyan', 2, 13, 3920, '2021-10-19 08:14:31', '2021-10-19 08:14:31'),
(117, 'Feni Sadar', 2, 13, 3900, '2021-10-19 08:14:31', '2021-10-19 08:14:31'),
(118, 'Fulgazi', 2, 13, 3942, '2021-10-19 08:14:31', '2021-10-19 08:14:31'),
(119, 'Porshuram', 2, 13, 3940, '2021-10-19 08:14:31', '2021-10-19 08:14:31'),
(120, 'Sonagazi', 2, 13, 3930, '2021-10-19 08:14:31', '2021-10-19 08:14:31'),
(121, 'Dighinala', 2, 14, 4420, '2021-10-19 08:21:13', '2021-10-19 08:21:13'),
(122, 'Guimara', 2, 14, NULL, '2021-10-19 08:21:13', '2021-10-19 08:21:13'),
(123, 'Khagrachari Sadar', 2, 14, 4400, '2021-10-19 08:21:13', '2021-10-19 08:21:13'),
(124, 'Laxmichari', 2, 14, 4470, '2021-10-19 08:21:13', '2021-10-19 08:21:13'),
(125, 'Mahalchari', 2, 14, 4430, '2021-10-19 08:21:13', '2021-10-19 08:21:13'),
(126, 'Manikchari', 2, 14, 4460, '2021-10-19 08:21:13', '2021-10-19 08:21:13'),
(127, 'Matiranga', 2, 14, 4450, '2021-10-19 08:21:13', '2021-10-19 08:21:13'),
(128, 'Panchari', 2, 14, 4410, '2021-10-19 08:21:13', '2021-10-19 08:21:13'),
(129, 'Ramgarh', 2, 14, 4440, '2021-10-19 08:21:13', '2021-10-19 08:21:13'),
(130, 'Komol Nagar', 2, 15, NULL, '2021-10-19 08:27:23', '2021-10-19 08:27:23'),
(131, 'Lakshmipur Sadar', 2, 15, 3700, '2021-10-19 08:27:23', '2021-10-19 08:27:23'),
(132, 'Raipur', 2, 15, 3710, '2021-10-19 08:27:23', '2021-10-19 08:27:23'),
(133, 'Ramganj', 2, 15, 3720, '2021-10-19 08:27:23', '2021-10-19 08:27:23'),
(134, 'Ramgati', 2, 15, 3732, '2021-10-19 08:27:23', '2021-10-19 08:27:23'),
(135, 'Begumganj', 2, 16, 3820, '2021-10-19 08:34:39', '2021-10-19 08:34:39'),
(136, 'Chatkhil', 2, 16, 3870, '2021-10-19 08:34:39', '2021-10-19 08:34:39'),
(137, 'Companiganj', 2, 16, NULL, '2021-10-19 08:34:39', '2021-10-19 08:34:39'),
(138, 'Hatiya', 2, 16, 3890, '2021-10-19 08:34:39', '2021-10-19 08:34:39'),
(139, 'Kabir Hat', 2, 16, 3807, '2021-10-19 08:34:39', '2021-10-19 08:34:39'),
(140, 'Noakhali Sadar', 2, 16, 3800, '2021-10-19 08:34:39', '2021-10-19 08:34:39'),
(141, 'Senbag', 2, 16, 3860, '2021-10-19 08:34:39', '2021-10-19 08:34:39'),
(142, 'Sonaimuri', 2, 16, 3827, '2021-10-19 08:34:39', '2021-10-19 08:34:39'),
(143, 'Subarna Char', 2, 16, NULL, '2021-10-19 08:34:39', '2021-10-19 08:34:39'),
(144, 'Baghaichari', 2, 17, NULL, '2021-10-19 08:41:23', '2021-10-19 08:41:23'),
(145, 'Barkal', 2, 17, 4570, '2021-10-19 08:41:23', '2021-10-19 08:41:23'),
(146, 'Belaichari', 2, 17, 4550, '2021-10-19 08:41:23', '2021-10-19 08:41:23'),
(147, 'Juraichari', 2, 17, 4560, '2021-10-19 08:41:23', '2021-10-19 08:41:23'),
(148, 'Kaptai', 2, 17, 4530, '2021-10-19 08:41:23', '2021-10-19 08:41:23'),
(149, 'Kaukhali', 2, 17, NULL, '2021-10-19 08:41:23', '2021-10-19 08:41:23'),
(150, 'Langadu', 2, 17, NULL, '2021-10-19 08:41:23', '2021-10-19 08:41:23'),
(151, 'Naniarchar', 2, 17, 4520, '2021-10-26 08:41:23', '2021-10-19 08:41:23'),
(152, 'Rajasthali', 2, 17, 4540, '2021-10-19 08:41:23', '2021-10-19 08:41:23'),
(153, 'Rangamati Sadar', 2, 17, 4500, '2021-10-19 08:41:23', '2021-10-19 08:41:23'),
(154, 'Dhamrai', 3, 18, 1350, '2021-10-19 08:49:57', '2021-10-19 08:49:57'),
(155, 'Dohar', 3, 18, 1330, '2021-10-19 08:49:57', '2021-10-19 08:49:57'),
(156, 'Keraniganj', 3, 18, 1310, '2021-10-19 08:49:57', '2021-10-19 08:49:57'),
(157, 'Nawabganj', 3, 18, 1320, '2021-10-19 08:49:57', '2021-10-19 08:49:57'),
(158, 'Savar', 3, 18, 1340, '2021-10-19 08:49:57', '2021-10-19 08:49:57'),
(177, 'Alfadanga', 3, 19, 7870, '2021-10-19 08:56:26', '2021-10-19 08:56:26'),
(178, 'Bhanga', 3, 19, 7830, '2021-10-19 08:56:26', '2021-10-19 08:56:26'),
(179, 'Boalmari', 3, 19, 7860, '2021-10-19 08:56:26', '2021-10-19 08:56:26'),
(180, 'Charbhadrasan', 3, 19, 7810, '2021-10-19 08:56:26', '2021-10-19 08:56:26'),
(181, 'Faridpur Sadar', 3, 19, 7800, '2021-10-19 08:56:26', '2021-10-19 08:56:26'),
(182, 'Madhukhali', 3, 19, 7850, '2021-10-19 08:56:26', '2021-10-19 08:56:26'),
(183, 'Nagarkanda', 3, 19, 7840, '2021-10-19 08:56:26', '2021-10-19 08:56:26'),
(184, 'Sadarpur', 3, 19, 7820, '2021-10-19 08:56:26', '2021-10-19 08:56:26'),
(185, 'Saltha', 3, 19, NULL, '2021-10-19 08:56:26', '2021-10-19 08:56:26'),
(186, 'Gazipur Sadar', 3, 20, 1700, '2021-10-19 09:01:04', '2021-10-19 09:01:04'),
(187, 'Kaliakair', 3, 20, 1750, '2021-10-19 09:01:04', '2021-10-19 09:01:04'),
(188, 'Kaliganj', 3, 20, 1720, '2021-10-19 09:01:04', '2021-10-19 09:01:04'),
(189, 'Kapasia', 3, 20, 1730, '2021-10-19 09:01:04', '2021-10-19 09:01:04'),
(190, 'Sreepur', 3, 20, 1740, '2021-10-19 09:01:04', '2021-10-19 09:01:04'),
(191, 'Gopalganj Sadar', 3, 21, 8100, '2021-10-19 09:03:55', '2021-10-19 09:03:55'),
(192, 'Kashiani', 3, 21, 8130, '2021-10-19 09:03:55', '2021-10-19 09:03:55'),
(193, 'Kotalipara', 3, 21, 8110, '2021-10-19 09:03:55', '2021-10-19 09:03:55'),
(194, 'Muksudpur', 3, 21, 8140, '2021-10-19 09:03:55', '2021-10-19 09:03:55'),
(195, 'Tungipara', 3, 21, 8120, '2021-10-19 09:03:55', '2021-10-19 09:03:55'),
(196, 'Austagram', 3, 22, 2380, '2021-10-19 09:07:00', '2021-10-19 09:07:00'),
(197, 'Bajitpur', 3, 22, 2336, '2021-10-19 09:07:00', '2021-10-19 09:07:00'),
(198, 'Bhairab', 3, 22, 2350, '2021-10-19 09:07:00', '2021-10-19 09:07:00'),
(199, 'Hossainpur', 3, 22, 2320, '2021-10-19 09:07:00', '2021-10-19 09:07:00'),
(200, 'Itna', 3, 22, 2390, '2021-10-19 09:07:00', '2021-10-19 09:07:00'),
(201, 'Karimganj', 3, 22, 2310, '2021-10-19 09:07:00', '2021-10-19 09:07:00'),
(202, 'Katiadi', 3, 22, 2330, '2021-10-19 09:07:00', '2021-10-19 09:07:00'),
(203, 'Kishoreganj Sadar', 3, 22, 2300, '2021-10-19 09:07:00', '2021-10-19 09:07:00'),
(204, 'Kuliarchar', 3, 22, 2340, '2021-10-19 09:07:00', '2021-10-19 09:07:00'),
(205, 'Mithamoin', 3, 22, 2370, '2021-10-19 09:07:00', '2021-10-19 09:07:00'),
(206, 'Nikli', 3, 22, 2360, '2021-10-19 09:07:00', '2021-10-19 09:07:00'),
(207, 'Pakundia', 3, 22, 2326, '2021-10-19 09:07:00', '2021-10-19 09:07:00'),
(208, 'Tarail', 3, 22, 2316, '2021-10-19 09:07:00', '2021-10-19 09:07:00'),
(209, 'Kalkini', 3, 23, 7920, '2021-10-19 09:16:51', '2021-10-19 09:16:51'),
(210, 'Madaripur Sadar', 3, 23, 7900, '2021-10-19 09:16:51', '2021-10-19 09:16:51'),
(211, 'Rajoir', 3, 23, 7910, '2021-10-19 09:16:51', '2021-10-19 09:16:51'),
(212, 'Shibchar', 3, 23, NULL, '2021-10-19 09:16:51', '2021-10-19 09:16:51'),
(213, 'Daulatpur', 3, 24, 1860, '2021-10-19 09:19:33', '2021-10-19 09:19:33'),
(214, 'Ghior', 3, 24, 1840, '2021-10-19 09:19:33', '2021-10-19 09:19:33'),
(215, 'Harirampur', 3, 24, 1830, '2021-10-19 09:19:33', '2021-10-19 09:19:33'),
(216, 'Manikganj Sadar', 3, 24, 1800, '2021-10-19 09:19:33', '2021-10-19 09:19:33'),
(217, 'Saturia', 3, 24, 1810, '2021-10-19 09:19:33', '2021-10-19 09:19:33'),
(218, 'Shivalaya', 3, 24, 1850, '2021-10-19 09:19:33', '2021-10-19 09:19:33'),
(219, 'Singair', 3, 24, 1820, '2021-10-19 09:19:33', '2021-10-19 09:19:33'),
(220, 'Gazaria', 3, 25, 1510, '2021-10-19 09:25:14', '2021-10-19 09:25:14'),
(221, 'Lohajang', 3, 25, 1530, '2021-10-19 09:25:14', '2021-10-19 09:25:14'),
(222, 'Munshiganj Sadar', 3, 25, 1500, '2021-10-19 09:25:14', '2021-10-19 09:25:14'),
(223, 'Sirajdikhan', 3, 25, 1540, '2021-10-19 09:25:14', '2021-10-19 09:25:14'),
(224, 'Sreenagar', 3, 25, 1550, '2021-10-19 09:25:14', '2021-10-19 09:25:14'),
(225, 'Tongibari', 3, 25, 1520, '2021-10-19 09:25:14', '2021-10-19 09:25:14'),
(226, 'Araihazar', 3, 26, 1450, '2021-10-19 09:30:43', '2021-10-19 09:30:43'),
(227, 'Bandar', 3, 26, 1410, '2021-10-19 09:30:43', '2021-10-19 09:30:43'),
(228, 'Narayanganj Sadar', 3, 26, 1400, '2021-10-19 09:30:43', '2021-10-19 09:30:43'),
(229, 'Rupganj', 3, 26, 1460, '2021-10-19 09:30:43', '2021-10-19 09:30:43'),
(230, 'Sonargaon', 3, 26, NULL, '2021-10-19 09:30:43', '2021-10-19 09:30:43'),
(231, 'Belabo', 3, 27, 1640, '2021-10-19 09:35:27', '2021-10-19 09:35:27'),
(232, 'Monohardi', 3, 27, 1650, '2021-10-19 09:35:27', '2021-10-19 09:35:27'),
(233, 'Narshingdi Sadar', 3, 27, 1600, '2021-10-19 09:35:27', '2021-10-19 09:35:27'),
(234, 'Palash', 3, 27, 1610, '2021-10-19 09:35:27', '2021-10-19 09:35:27'),
(235, 'Raipura', 3, 27, 1630, '2021-10-19 09:35:27', '2021-10-19 09:35:27'),
(236, 'Shibpur', 3, 27, 1620, '2021-10-19 09:35:27', '2021-10-19 09:35:27'),
(237, 'Baliakandi', 3, 28, 7730, '2021-10-19 09:38:27', '2021-10-19 09:38:27'),
(238, 'Goalanda', 3, 28, 7710, '2021-10-19 09:38:27', '2021-10-19 09:38:27'),
(239, 'Kalukhali', 3, 28, NULL, '2021-10-19 09:38:27', '2021-10-19 09:38:27'),
(240, 'Pangsha', 3, 28, 7720, '2021-10-19 09:38:27', '2021-10-19 09:38:27'),
(241, 'Rajbari Sadar', 3, 28, 7700, '2021-10-19 09:38:27', '2021-10-19 09:38:27'),
(242, 'Bhedarganj', 3, 29, 8030, '2021-10-20 06:45:33', '2021-10-20 06:45:33'),
(243, 'Damudya', 3, 29, 8040, '2021-10-20 06:45:33', '2021-10-20 06:45:33'),
(244, 'Gosairhat', 3, 29, 8050, '2021-10-20 06:45:33', '2021-10-20 06:45:33'),
(245, 'Zajira', 3, 29, 8010, '2021-10-20 06:45:33', '2021-10-20 06:45:33'),
(246, 'Naria', 3, 29, 8020, '2021-10-20 06:45:33', '2021-10-20 06:45:33'),
(247, 'Shariatpur Sadar', 3, 29, 8000, '2021-10-20 06:45:33', '2021-10-20 06:45:33'),
(248, 'Basail', 3, 30, 1920, '2021-10-20 06:51:07', '2021-10-20 06:51:07'),
(249, 'Bhuapur', 3, 30, 1960, '2021-10-20 06:51:07', '2021-10-20 06:51:07'),
(250, 'Delduar', 3, 30, 1910, '2021-10-20 06:51:07', '2021-10-20 06:51:07'),
(251, 'Dhanbari', 3, 30, 1997, '2021-10-20 06:51:07', '2021-10-20 06:51:07'),
(252, 'Ghatail', 3, 30, 1980, '2021-10-20 06:51:07', '2021-10-20 06:51:07'),
(253, 'Gopalpur', 3, 30, 1990, '2021-10-20 06:51:07', '2021-10-20 06:51:07'),
(254, 'Kalihati', 3, 30, 1970, '2021-10-20 06:51:07', '2021-10-20 06:51:07'),
(255, 'Madhupur', 3, 30, 1996, '2021-10-20 06:51:07', '2021-10-20 06:51:07'),
(256, 'Mirzapur', 3, 30, 1940, '2021-10-20 06:51:07', '2021-10-20 06:51:07'),
(257, 'Nagarpur', 3, 30, 1936, '2021-10-20 06:51:07', '2021-10-20 06:51:07'),
(258, 'Shakhipur', 3, 30, 1950, '2021-10-20 06:51:07', '2021-10-20 06:51:07'),
(259, 'Tangail Sadar', 3, 30, 1900, '2021-10-20 06:51:07', '2021-10-20 06:51:07'),
(260, 'Bagerhat Sadar', 4, 31, 9300, '2021-10-20 06:57:18', '2021-10-20 06:57:18'),
(261, 'Chitalmari', 4, 31, 9360, '2021-10-20 06:57:18', '2021-10-20 06:57:18'),
(262, 'Fakirhat', 4, 31, 9370, '2021-10-20 06:57:18', '2021-10-20 06:57:18'),
(263, 'Kachua', 4, 31, 9310, '2021-10-20 06:57:18', '2021-10-20 06:57:18'),
(264, 'Mollahat', 4, 31, 9380, '2021-10-20 06:57:18', '2021-10-20 06:57:18'),
(265, 'Mongla', 4, 31, NULL, '2021-10-20 06:57:18', '2021-10-20 06:57:18'),
(266, 'Morrelganj', 4, 31, 9320, '2021-10-20 06:57:18', '2021-10-20 06:57:18'),
(267, 'Rampal', 4, 31, 9340, '2021-10-20 06:57:18', '2021-10-20 06:57:18'),
(268, 'Sarankhola', 4, 31, NULL, '2021-10-20 06:57:18', '2021-10-20 06:57:18'),
(269, 'Alamdanga', 4, 32, 7210, '2021-10-20 07:03:54', '2021-10-20 07:03:54'),
(270, 'Chuadanga Sadar', 4, 32, 7200, '2021-10-20 07:03:54', '2021-10-20 07:03:54'),
(271, 'Damurhuda', 4, 32, 7220, '2021-10-20 07:03:54', '2021-10-20 07:03:54'),
(272, 'Jibannagar', 4, 32, NULL, '2021-10-20 07:03:54', '2021-10-20 07:03:54'),
(273, 'Abhoynagar', 4, 33, NULL, '2021-10-21 08:08:21', '2021-10-21 08:08:21'),
(274, 'Bagherpara', 4, 33, 7470, '2021-10-21 08:08:21', '2021-10-21 08:08:21'),
(275, 'Chaugachha', 4, 33, 7410, '2021-10-21 08:08:21', '2021-10-21 08:08:21'),
(276, 'Jashore Sadar', 4, 33, 7400, '2021-10-21 08:08:21', '2021-10-21 08:08:21'),
(277, 'Jhikargacha', 4, 33, 7420, '2021-10-21 08:08:21', '2021-10-21 08:08:21'),
(278, 'Keshabpur', 4, 33, 7450, '2021-10-21 08:08:21', '2021-10-21 08:08:21'),
(279, 'Monirampur', 4, 33, 7440, '2021-10-21 08:08:21', '2021-10-21 08:08:21'),
(280, 'Sharsha', 4, 33, 7430, '2021-10-21 08:08:21', '2021-10-21 08:08:21'),
(281, 'Harinakunda', 4, 34, 7310, '2021-10-21 08:16:22', '2021-10-21 08:16:22'),
(282, 'Jhenaidah Sadar', 4, 34, 7300, '2021-10-21 08:16:22', '2021-10-21 08:16:22'),
(283, 'Kaliganj', 4, 34, NULL, '2021-10-21 08:16:22', '2021-10-21 08:16:22'),
(284, 'Kotchandpur', 4, 34, 7330, '2021-10-21 08:16:22', '2021-10-21 08:16:22'),
(285, 'Maheshpur', 4, 34, 7340, '2021-10-21 08:16:22', '2021-10-21 08:16:22'),
(286, 'Shailkupa', 4, 34, 7320, '2021-10-21 08:16:22', '2021-10-21 08:16:22'),
(287, 'Batiaghata', 4, 35, 9260, '2021-10-21 08:26:38', '2021-10-21 08:26:38'),
(288, 'Dacope', 4, 35, 9271, '2021-10-21 08:26:38', '2021-10-21 08:26:38'),
(289, 'Dighalia', 4, 35, 9220, '2021-10-21 08:26:38', '2021-10-21 08:26:38'),
(290, 'Dumuria', 4, 35, NULL, '2021-10-21 08:26:38', '2021-10-21 08:26:38'),
(291, 'Khulna Sadar', 4, 35, 9100, '2021-10-21 08:26:38', '2021-10-21 08:26:38'),
(292, 'Koyra', 4, 35, 9290, '2021-10-21 08:26:38', '2021-10-21 08:26:38'),
(293, 'Paikgachha', 4, 35, 9280, '2021-10-21 08:26:38', '2021-10-21 08:26:38'),
(294, 'Phultala', 4, 35, 9210, '2021-10-21 08:26:38', '2021-10-21 08:26:38'),
(295, 'Rupsa', 4, 35, 9241, '2021-10-21 08:26:38', '2021-10-21 08:26:38'),
(296, 'Terokhada', 4, 35, 9230, '2021-10-21 08:26:38', '2021-10-21 08:26:38'),
(297, 'Bheramara', 4, 36, 7040, '2021-10-21 08:32:17', '2021-10-21 08:32:17'),
(298, 'Daulatpur', 4, 36, 7042, '2021-10-21 08:32:17', '2021-10-21 08:32:17'),
(299, 'Khoksa', 4, 36, 7021, '2021-10-21 08:32:17', '2021-10-21 08:32:17'),
(300, 'Kumarkhali', 4, 36, 7010, '2021-10-21 08:32:17', '2021-10-21 08:32:17'),
(301, 'Kushtia Sadar', 4, 36, 7000, '2021-10-21 08:32:17', '2021-10-21 08:32:17'),
(302, 'Mirpur', 4, 36, 7030, '2021-10-21 08:32:17', '2021-10-21 08:32:17'),
(303, 'Magura Sadar', 4, 37, 7600, '2021-10-21 08:35:50', '2021-10-21 08:35:50'),
(304, 'Mohammadpur', 4, 37, 7630, '2021-10-21 08:35:50', '2021-10-21 08:35:50'),
(305, 'Salikha', 4, 37, NULL, '2021-10-21 08:35:50', '2021-10-21 08:35:50'),
(306, 'Sreepur', 4, 37, 7610, '2021-10-21 08:35:50', '2021-10-21 08:35:50'),
(307, 'Gangni', 4, 38, 7110, '2021-10-21 08:38:59', '2021-10-21 08:38:59'),
(308, 'Meherpur Sadar', 4, 38, 7100, '2021-10-21 08:38:59', '2021-10-21 08:38:59'),
(309, 'Mujib Nagar', 4, 38, 7102, '2021-10-21 08:38:59', '2021-10-21 08:38:59'),
(310, 'Kalia', 4, 39, 7520, '2021-10-21 08:41:06', '2021-10-21 08:41:06'),
(311, 'Lohagara', 4, 39, 7511, '2021-10-21 08:41:06', '2021-10-21 08:41:06'),
(312, 'Narail Sadar', 4, 39, 7500, '2021-10-21 08:41:06', '2021-10-21 08:41:06'),
(313, 'Assasuni', 4, 40, 9460, '2021-10-21 08:42:54', '2021-10-21 08:42:54'),
(314, 'Debhata', 4, 40, 9430, '2021-10-21 08:42:54', '2021-10-21 08:42:54'),
(315, 'Kalaroa', 4, 40, 9410, '2021-10-21 08:42:54', '2021-10-21 08:42:54'),
(316, 'Kaliganj', 4, 40, 9440, '2021-10-21 08:42:54', '2021-10-21 08:42:54'),
(317, 'Satkhira Sadar', 4, 40, 9400, '2021-10-21 08:42:54', '2021-10-21 08:42:54'),
(318, 'Shyamnagar', 4, 40, NULL, '2021-10-21 08:42:54', '2021-10-21 08:42:54'),
(319, 'Tala', 4, 40, 9420, '2021-10-21 08:42:54', '2021-10-21 08:42:54'),
(320, 'Bakshiganj', 5, 41, 2140, '2021-10-21 08:47:47', '2021-10-21 08:47:47'),
(321, 'Dewanganj', 5, 41, 2140, '2021-10-21 08:47:47', '2021-10-21 08:47:47'),
(322, 'Islampur', 5, 41, 2020, '2021-10-21 08:47:47', '2021-10-21 08:47:47'),
(323, 'Jamalpur Sadar', 5, 41, 2000, '2021-10-21 08:47:47', '2021-10-21 08:47:47'),
(324, 'Madarganj', 5, 41, 2040, '2021-10-21 08:47:47', '2021-10-21 08:47:47'),
(325, 'Melandah', 5, 41, 2010, '2021-10-21 08:47:47', '2021-10-21 08:47:47'),
(326, 'Sarishabari', 5, 41, 2050, '2021-10-21 08:47:47', '2021-10-21 08:47:47'),
(327, 'Bhaluka', 5, 42, 2240, '2021-10-21 08:55:26', '2021-10-21 08:55:26'),
(328, 'Fulbaria', 5, 42, 2216, '2021-10-21 08:55:26', '2021-10-21 08:55:26'),
(329, 'Gafargaon', 5, 42, 2230, '2021-10-21 08:55:26', '2021-10-21 08:55:26'),
(330, 'Gouripur', 5, 42, 2270, '2021-10-21 08:55:26', '2021-10-21 08:55:26'),
(331, 'Haluaghat', 5, 42, 2260, '2021-10-21 08:55:26', '2021-10-21 08:55:26'),
(332, 'Ishwarganj', 5, 42, 2280, '2021-10-21 08:55:26', '2021-10-21 08:55:26'),
(333, 'Muktagacha', 5, 42, 2210, '2021-10-21 08:55:26', '2021-10-21 08:55:26'),
(334, 'Mymensingh Sadar', 5, 42, 2200, '2021-10-21 08:55:26', '2021-10-21 08:55:26'),
(335, 'Nandail', 5, 42, 2290, '2021-10-21 08:55:26', '2021-10-21 08:55:26'),
(336, 'Phulpur', 5, 42, 2250, '2021-10-21 08:55:26', '2021-10-21 08:55:26'),
(337, 'Tarakanda', 5, 42, 2252, '2021-10-21 08:55:26', '2021-10-21 08:55:26'),
(338, 'Trishal', 5, 42, 2220, '2021-10-21 08:55:26', '2021-10-21 08:55:26'),
(339, 'Atpara', 5, 43, 2470, '2021-10-21 09:02:48', '2021-10-21 09:02:48'),
(340, 'Barhatta', 5, 43, 2440, '2021-10-21 09:02:48', '2021-10-21 09:02:48'),
(341, 'Dhobaura', 5, 43, 2416, '2021-10-21 09:02:48', '2021-10-21 09:02:48'),
(342, 'Durgapur', 5, 43, 2420, '2021-10-21 09:02:48', '2021-10-21 09:02:48'),
(343, 'Kalmakanda', 5, 43, 2430, '2021-10-21 09:02:48', '2021-10-21 09:02:48'),
(344, 'Kendua', 5, 43, 2480, '2021-10-21 09:02:48', '2021-10-21 09:02:48'),
(345, 'Khaliajuri', 5, 43, 2460, '2021-10-21 09:02:48', '2021-10-21 09:02:48'),
(346, 'Madan', 5, 43, 2490, '2021-10-21 09:02:48', '2021-10-21 09:02:48'),
(347, 'Mohanganj', 5, 43, 2446, '2021-10-21 09:02:48', '2021-10-21 09:02:48'),
(348, 'Netrakona Sadar', 5, 43, 2400, '2021-10-21 09:02:48', '2021-10-21 09:02:48'),
(349, 'Purbadhala', 5, 43, 2410, '2021-10-21 09:02:48', '2021-10-21 09:02:48'),
(350, 'Jhenaigati', 5, 44, 2120, '2021-10-21 09:09:54', '2021-10-21 09:09:54'),
(351, 'Nakla', 5, 44, 2150, '2021-10-21 09:09:54', '2021-10-21 09:09:54'),
(352, 'Nalitabari', 5, 44, 2110, '2021-10-21 09:09:54', '2021-10-21 09:09:54'),
(353, 'Sherpur Sadar', 5, 44, 2100, '2021-10-21 09:09:54', '2021-10-21 09:09:54'),
(354, 'Sreebordi', 5, 44, 2130, '2021-10-21 09:09:54', '2021-10-21 09:09:54'),
(355, 'Adamdighi', 6, 45, 5890, '2021-10-21 09:12:57', '2021-10-21 09:12:57'),
(356, 'Bogura Sadar', 6, 45, 5800, '2021-10-21 09:12:57', '2021-10-21 09:12:57'),
(357, 'Dhunot', 6, 45, 5850, '2021-10-21 09:12:57', '2021-10-21 09:12:57'),
(358, 'Dhupchancia', 6, 45, 5880, '2021-10-21 09:12:57', '2021-10-21 09:12:57'),
(359, 'Gabtali', 6, 45, 5820, '2021-10-21 09:12:57', '2021-10-21 09:12:57'),
(360, 'Kahaloo', 6, 45, 5870, '2021-10-21 09:12:57', '2021-10-21 09:12:57'),
(361, 'Nandigram', 6, 45, 5860, '2021-10-21 09:12:57', '2021-10-21 09:12:57'),
(362, 'Sariakandi', 6, 45, 5830, '2021-10-21 09:12:57', '2021-10-21 09:12:57'),
(363, 'Shajahanpur', 6, 45, NULL, '2021-10-21 09:12:57', '2021-10-21 09:12:57'),
(364, 'Sherpur', 6, 45, 5840, '2021-10-21 09:12:57', '2021-10-21 09:12:57'),
(365, 'Shibganj', 6, 45, 5810, '2021-10-21 09:12:57', '2021-10-21 09:12:57'),
(366, 'Sonatala', 6, 45, 5826, '2021-10-21 09:12:57', '2021-10-21 09:12:57'),
(367, 'Bholahat', 6, 46, 6330, '2021-10-21 09:18:39', '2021-10-21 09:18:39'),
(368, 'Gomostapur', 6, 46, 6321, '2021-10-21 09:18:39', '2021-10-21 09:18:39'),
(369, 'Nachol', 6, 46, 6310, '2021-10-21 09:18:39', '2021-10-21 09:18:39'),
(370, 'Nawabganj Sadar', 6, 46, 6300, '2021-10-21 09:18:39', '2021-10-21 09:18:39'),
(371, 'Shibganj', 6, 46, 6340, '2021-10-21 09:18:39', '2021-10-21 09:18:39'),
(372, 'Akkelpur', 6, 47, 5940, '2021-10-21 09:24:00', '2021-10-21 09:24:00'),
(373, 'Joypurhat Sadar', 6, 47, 5900, '2021-10-21 09:24:00', '2021-10-21 09:24:00'),
(374, 'Kalai', 6, 47, 5930, '2021-10-21 09:24:00', '2021-10-21 09:24:00'),
(375, 'Khetlal', 6, 47, 5920, '2021-10-21 09:24:00', '2021-10-21 09:24:00'),
(376, 'Panchbibi', 6, 47, 5910, '2021-10-21 09:24:00', '2021-10-21 09:24:00'),
(377, 'Atrai', 6, 48, NULL, '2021-10-21 09:26:09', '2021-10-21 09:26:09'),
(378, 'Badalgacchi', 6, 48, 6570, '2021-10-21 09:26:09', '2021-10-21 09:26:09'),
(379, 'Dhamoirhat', 6, 48, 6580, '2021-10-21 09:26:09', '2021-10-21 09:26:09'),
(380, 'Manda', 6, 48, NULL, '2021-10-21 09:26:09', '2021-10-21 09:26:09'),
(381, 'Mohadevpur', 6, 48, 6530, '2021-10-21 09:26:09', '2021-10-21 09:26:09'),
(382, 'Naogaon Sadar', 6, 48, 6500, '2021-10-21 09:26:09', '2021-10-21 09:26:09'),
(383, 'Niamatpur', 6, 48, 6520, '2021-10-21 09:26:09', '2021-10-21 09:26:09'),
(384, 'Patnitala', 6, 48, 6540, '2021-10-21 09:26:09', '2021-10-21 09:26:09'),
(385, 'Porsha', 6, 48, 6551, '2021-10-21 09:26:09', '2021-10-21 09:26:09'),
(386, 'Raninagar', 6, 48, 6590, '2021-10-21 09:26:09', '2021-10-21 09:26:09'),
(387, 'Sapahar', 6, 48, 6560, '2021-10-21 09:26:09', '2021-10-21 09:26:09');

--
-- Indexes for dumped tables
--

--
-- Indexes for table `district`
--
ALTER TABLE `district`
  ADD UNIQUE KEY `id` (`id`);

--
-- Indexes for table `division`
--
ALTER TABLE `division`
  ADD UNIQUE KEY `id` (`id`);

--
-- Indexes for table `upazila`
--
ALTER TABLE `upazila`
  ADD UNIQUE KEY `id` (`id`);

--
-- AUTO_INCREMENT for dumped tables
--

--
-- AUTO_INCREMENT for table `district`
--
ALTER TABLE `district`
  MODIFY `id` int(10) UNSIGNED NOT NULL AUTO_INCREMENT, AUTO_INCREMENT=65;

--
-- AUTO_INCREMENT for table `division`
--
ALTER TABLE `division`
  MODIFY `id` int(10) UNSIGNED NOT NULL AUTO_INCREMENT, AUTO_INCREMENT=9;

--
-- AUTO_INCREMENT for table `upazila`
--
ALTER TABLE `upazila`
  MODIFY `id` int(10) UNSIGNED NOT NULL AUTO_INCREMENT, AUTO_INCREMENT=388;
COMMIT;

/*!40101 SET CHARACTER_SET_CLIENT=@OLD_CHARACTER_SET_CLIENT */;
/*!40101 SET CHARACTER_SET_RESULTS=@OLD_CHARACTER_SET_RESULTS */;
/*!40101 SET COLLATION_CONNECTION=@OLD_COLLATION_CONNECTION */;
